,index,values
2,funded_amnt_inv,"[10000.          4800.         35000.         ...  8319.19125908
  9994.22283785 20988.44216199]"
4,int_rate,"[ 8.81 27.27 16.91 14.47 10.08 13.56 15.02 10.47 18.94 19.92 11.06  6.67
 25.34 30.79 11.55 20.89 12.73 24.37 26.31 17.97  7.84 22.35  8.46 16.14
  6.11 29.69 28.72 23.4  30.65 30.75  7.21 30.84 30.17 16.46  7.46 26.77
 30.94 17.47  6.19 21.85 10.07 14.52 11.05 18.45 23.87 25.81 19.42 15.49
 14.03 13.06 12.13  5.31 20.39 24.84 10.56  8.08 22.9   9.58  6.83  9.43
 13.58 10.9  11.98 15.04  7.96 14.07  9.92 16.01 12.61  6.71 10.41  7.34
  6.07 23.88 21.45 18.06 10.42 25.82 12.62 14.08 26.3  24.85 17.09 10.91
  7.35 13.59 16.02 11.99 20.    9.93 15.05  6.08 22.91 19.03  9.44  7.97
  5.32  6.72 14.49 13.49 10.99  8.59 15.59 23.99 25.69 19.99 12.79 18.99
 22.39 16.99 11.49 21.49 17.99 13.99  6.99 29.96 25.29 10.49  9.49 24.49
 26.49  7.99  8.99 24.99 28.88 27.49 26.99 29.67 27.79 28.18  7.59 30.99
  6.   12.99  9.75 20.99 15.31 13.67  9.16 14.46 25.65 11.47 25.11 10.75
 18.25 23.32  7.39  8.39  6.97  7.89 17.27  6.49 26.14 27.34 16.29 25.44
 23.13 21.18 19.53 20.75 24.11 28.99 28.34 28.67 25.88 26.57 22.45 21.97
 28.14 10.78 18.49 20.5   9.8  14.85 25.09 15.77  7.49 13.44  8.49  9.17
  7.91 21.48 11.48 19.48 16.59 19.89 12.88 28.49 24.24 26.06 27.99 14.77
 11.22 13.18 22.99  8.38 14.48  9.76 12.59 15.41 16.55  6.89 21.99 10.64
 17.57 17.86 25.49  7.24 22.74 11.39 11.44 28.69 26.24 14.99 24.74 30.89
 15.99  8.24 12.74 29.49 29.99 30.49 30.74 18.2   7.26 25.99 27.31  6.24
 27.88 12.05  9.99 14.33  8.18 16.9  18.55 19.19 14.65 12.69 12.29 11.53
 15.61 13.33 25.78 24.5  18.84 20.49  6.92 19.52 25.57  6.39  6.68 21.67
 25.83 25.8   5.93 25.89 12.39  8.67 19.24 16.49 14.31 17.14 13.66  6.03
 18.54  8.19  7.07 13.98 19.97 19.22 16.24  8.9  12.85 24.08 13.53 14.98
  7.9   7.62 22.4  23.7   9.67  6.62 15.1  16.2  21.7  17.76 21.   14.3
 23.1  20.2  17.1  19.2   8.6   9.25 22.2  16.78 18.85  9.71 24.89 21.15
 12.35 15.88 17.56 23.5  20.8  13.05 13.68 20.31 15.22 22.7  21.6  25.28
 10.16 19.72 12.12 17.77 18.75 13.11 23.28 21.98 15.8  11.14 24.7  22.95
 23.63 19.05 24.83 23.76 22.47 23.83 14.09 12.49 23.43 18.24 13.35 11.67
  7.12  7.69 22.15 10.15 19.47 13.65 14.16 18.92 14.64 11.31 12.98 11.8
  6.46 10.72 10.33  7.56  7.02 15.29 13.19 17.5 ]"
5,installment,[ 317.12  306.97  170.92 ...  947.68 1230.32 1158.68]
11,annual_inc,[ 56000.  70000. 111000. ...  50436. 103510.  54778.]
20,dti,[ 20.53  11.37  13.35 ... 120.87 141.3   78.65]
21,delinq_2yrs,"[ 0.  1.  4.  3.  2.  6.  5.  8.  9.  7. 10. 14. 17. 11. 15. 12. 13. 16.
 19. 18. 21. 23. 24. 58. 35. 20. 22. 29. 30. 26. 39. 28. 32. 42. 25.]"
23,inq_last_6mths,[ 1.  0.  2.  3.  4.  5.  6. nan]
24,mths_since_last_delinq,"[ nan  60.  62.  16.   4.  51.  31.  20.  46.  54.  73.  28.   9.  63.
  25.  69.   3.  36.  43.  58.  34.  74.  75.  40.  79.  39.  22.   8.
  42.  37.  19.  15.  30.  18.  17.  65.  78.  26.  11.  12.  14.  71.
  38.  10.  35.  23.   6.  57.  48.  47.  49.  44.  53.  41.  59.  68.
  64.  45.  56.   5.  32.  13.  27.  80.  90.  67.  33.  76.  61.  72.
  52.   2.  55.  21.  29.   7.  24.  66.  77.  50.  82.  81.   1.  70.
 226.   0.  83.  88.  98.  93.  89.  87.  92. 130. 109.  91.  95. 100.
  97.  84.  85.  86. 158.  94. 104. 112. 120. 111. 125.  99. 134. 122.
 101. 103. 170. 115. 108. 102. 110. 135.  96. 129. 105. 113. 153. 106.
 124. 119. 117. 131. 116. 150. 132. 146. 128. 133. 136. 114. 118. 141.
 127. 160. 107. 121. 151. 123. 126. 145. 161. 138. 159. 147. 154. 149.
 142. 152. 148. 156. 192. 188. 168. 140. 195. 157. 171. 176. 137. 178.
 139. 162.]"
25,mths_since_last_record,"[ 93.  nan 116.  78.  49.  80.  60. 110. 106.  97. 104. 117.  65. 112.
  43. 111.  82. 103.  99. 108.  63.  74. 118.  87. 107.  98.  31.  94.
  85. 109.  40.  76.  96.  95. 105.  88.  83.  69.  47. 101.  92.  38.
  48.  70. 115.  42.  71.  84.  73.  26.  64.  59.  89.  44.  67.  53.
  57.  75.  77.  54.  91.  58.  11.  62.  39.  35.  33. 100.  45.  66.
  79.  41.  81. 114.  68.  50.  24.  55.  51.  52.  10.  86. 113.  72.
  56.  90.   9.  23.  34.  17.  46. 102.  61.  16.  25.  22.  21.  37.
  13.  18.  27.  29.  15.   6.  36.   7.  20.   8.  19.  28.  32.   5.
   2.  30.   4.  12.  14.   1.   3.   0. 120. 119. 127. 124. 126. 123.
 121. 122. 125.]"
26,open_acc,"[  7.   4.  12.   5.  10.   1.  18.  26.   8.  16.  13.  19.   3.   6.
  11.  15.   9.  20.  14.  17.  25.   2.  27.  21.  30.  31.  22.  24.
  34.  29.  23.  38.  28.  35.  32.  33.  41.   0.  40.  39.  36.  42.
  37.  44.  47.  60.  57.  46.  45.  43.  50.  51.  48.  49.  52.  74.
  54.  67.  53.  68.  61.  59.  55.  56.  76.  66.  63.  64.  62.  69.
  94.  70.  58.  78.  82. 101.  86.  65.  72.  80.  77.  81.  71.  97.
  79.  93.  91.  84.  75.]"
27,pub_rec,"[ 1.  0.  2.  3.  5.  4.  9.  6.  8.  7. 10. 19. 61. 11. 15. 13. 16. 12.
 40. 18. 24. 52. 17. 31. 47. 46. 21. 22. 37. 14. 23. 26. 28. 20. 32. 49.
 54. 34.]"
29,revol_util,[ 53.3  84.   35.1 ... 142.5 129.  154.9]
30,total_acc,"[ 19.  24.  23.  14.   7.  27.   8.  28.  47.  36.  17.  15.  22.  12.
   6.  49.  34.  21.  18.  35.   5.  20.   4.  16.  39.  25.  68.  10.
  11.  29.  32.  43.  37.  13.   9.  40.  31.  38.  58.  26.   3.  52.
  42.  44.  46.  50.  41.  33.  30.  56.  76.  75.  45.   2.  51.  71.
  48.  54.  53.  62.  60.  80.  66.  59.  57.  63.  74.  61.  55.  70.
  67.  65.  64.  69.  78.  72.  98.  85.  82.  95.  79.  97.  77.  83.
  81.  96.  93.  73. 100.  89. 144.  91.  86.  88.  90. 109. 114.  87.
 108. 105.  84.  94.  99.  92. 110. 101. 118. 106. 104. 133. 128. 107.
 120. 103. 160. 115. 145. 117. 123. 102. 111. 113. 119. 138. 140. 112.
 116. 153. 129. 125. 126. 137. 121. 127. 135. 130. 146. 124. 162. 122.
 136. 141. 151. 150. 156. 165.]"
32,out_prncp,[    0.   29387.75  4787.21 ... 25798.78  8687.2  13541.01]
33,out_prncp_inv,[    0.   29387.75  4787.21 ... 25798.78  8687.2  13541.01]
34,total_pymnt,"[    0.           284.25         161.9        ... 20803.77546674
 16112.31771351 15623.4       ]"
35,total_pymnt_inv,[    0.     284.25   161.9  ... 13921.28 25027.67 16112.32]
36,total_rec_prncp,[   0.     79.72  103.28 ... 6649.37 3312.8  3008.99]
37,total_rec_int,[    0.     204.53    58.62 ...  7271.91    27.67 11422.18]
38,total_rec_late_fee,"[  0.           8.          15.         ... 117.52000027 173.97
 249.97      ]"
39,recoveries,[   0.   1904.35 2382.66 ... 4289.05 1320.89 5310.46]
40,collection_recovery_fee,"[  0.         171.3915     214.4394     ... 237.7602      18.00000002
 955.8828    ]"
42,last_pymnt_amnt,[    0.     306.97   170.92 ... 14240.87 25134.09 17965.9 ]
45,collections_12_mths_ex_med,[ 0.  1.  2.  3.  5.  4.  6.  8.  9. 10.  7. 20. 11. 12. 14. 16.]
46,mths_since_last_major_derog,"[ nan  60.  62.  54.  73.  28.  69.  43.  10.  58.  78.  40.  39.   3.
   7.  22.  20. 122.  38.  19.  61.  30.  18.  32.  72.  24.   4.  52.
   8.  26.  33.  14.  71.  66.  79.   5.   9.  75.  57.  44.  48.  31.
  51.  49.  77.  35.  53.   6.  16.  41.  34.  45.  59.  37.  68.  64.
  42.  47.  56.  36.  29.  63.  25.  80.  21.  65.  90.  83.  67.  76.
  11.  46.  13.  23.  70.  81.  27.  74.  97.  12.  17.  55. 106.  15.
  50.  93.  82. 226.  98.  89.  94.   1.  88.  84.   2.  87.  91.  86.
  92. 144.   0.  96. 119.  95. 101. 130. 109. 114. 100.  85. 133. 112.
 158.  99. 197. 104. 120. 111. 125. 134. 102. 103. 170. 115. 129. 108.
 107. 117. 105. 110. 135. 143. 113. 127. 153. 118. 136. 126. 124. 131.
 139. 162. 116. 150. 121. 132. 146. 151. 128. 149. 141. 160. 123. 138.
 145. 167. 161. 154. 159. 147. 148. 183. 190. 142. 152. 156. 165. 137.
 155. 140. 192. 188. 168. 195. 157. 171. 176. 177. 175. 178. 169.]"
49,acc_now_delinq,[ 0.  1.  2.  3.  4.  5.  6. 14.  7.]
50,tot_coll_amt,[    0.    77.  1946. ... 43066.  9677.  7921.]
51,tot_cur_bal,[301829.  23289.  32060. ... 383370. 533325. 239081.]
52,open_acc_6m,"[ 1.  2.  0.  6.  4.  3.  5.  7. 10. 11.  9.  8. 17. 12. 16. nan 14. 13.
 15.]"
53,open_act_il,"[ 3.  2.  0.  1.  4.  6. 10. 18.  5.  8. 21.  9. 14. 13. 16. 12.  7. 11.
 17. 15. 20. 24. 22. 19. 33. 25. 23. 28. 30. 29. 40. 26. 27. 31. 34. 35.
 nan 32. 41. 45. 42. 44. 56. 36. 37. 39. 49. 38. 43. 47. 55. 46.]"
54,open_il_12m,[ 1.  3.  0.  2.  4.  6.  5.  7.  8. 11.  9. 13. 25. 10. nan 12. 15. 14.]
55,open_il_24m,"[ 2.  5.  3.  0.  1.  4.  9.  6.  8.  7. 11. 10. 12. 14. 13. 16. 23. 17.
 15. 51. 20. nan 18. 19. 26. 22. 21. 24. 28. 30.]"
56,mths_since_rcnt_il,"[ 11.   1.  10.   2.  12. 111.  21.  15.  14.  20.   7.   5.  38.  73.
 148.  nan  31.  37.  30. 123.  16.  13.   9.   8. 122.  54.  23.  71.
   3. 126.  42.  40.  39.   6.  22.   4.  18.  72.  92.  34.  24.  19.
  67.  47.  53.  25.  28.  17.  32.  36.  26.  27.  35.  57.  41.  33.
  83.  94.  46. 118.  29.  44. 103.  63.  43.  59.  78. 179.  98. 113.
  49.  81.  61. 128. 130.   0.  96.  48. 161.  77.  50. 139.  86. 109.
  52. 169.  55.  89. 114. 142. 127. 110.  68. 160.  45. 156.  66.  62.
 117.  85. 121.  64.  70. 145. 136.  56. 192. 150. 105.  80. 115.  51.
 171. 159. 166.  65. 144.  82.  69. 107. 154. 158. 135.  88.  60. 164.
 120.  87. 149. 106.  58. 152.  74.  90. 182. 140. 175.  99.  79. 112.
 326. 138. 100.  84. 101. 285.  76. 349. 104. 143. 137.  91. 132. 129.
 146. 102. 116. 125. 108. 131. 141.  95. 393. 193. 124.  75. 311.  93.
 134. 119. 223.  97. 163. 227. 151. 297. 191. 168. 133. 147. 178. 153.
 284. 217. 155. 157. 212. 213. 224. 237. 209. 252. 162. 260. 247. 206.
 232. 172. 235. 201. 194. 190. 187. 308. 222. 181. 176. 203. 197. 177.
 170. 200. 167. 265. 245. 183. 165. 180. 207. 198. 251. 236. 381. 291.
 173. 511. 186. 407. 174. 220. 268. 397. 257. 184. 392. 241. 315. 205.
 214. 243. 239. 221. 188. 414. 208. 196. 226. 286. 259. 228. 219. 185.
 240. 272. 292. 505. 238. 267. 331. 386. 289. 255. 446. 234. 199. 189.
 202. 355. 316. 244. 230. 231. 304. 211. 256. 261. 218. 269. 278. 242.
 287. 266. 277. 373. 314. 276. 195. 229. 345. 370. 233. 395. 215. 273.
 385. 327. 216. 374. 263. 271. 204. 379. 453. 246. 225. 444. 359. 342.
 356. 329. 280. 380. 360. 274. 254. 210. 358. 456. 362. 296. 338. 248.
 305. 264. 310. 321. 364. 249. 262. 258. 388. 281. 330. 298. 478. 429.
 270. 336. 283. 290. 300. 306. 366. 365. 299. 320. 250. 466. 367. 318.
 434. 507. 402. 346. 372. 313. 343. 488. 484. 309. 503. 275. 293. 334.
 363. 319. 399. 348. 325. 350. 426. 294. 352. 353. 303. 339. 337. 288.
 279. 253. 322. 411. 282. 357. 377. 324. 302. 328. 404. 323. 307. 433.
 333. 301. 421. 454.]"
57,total_bal_il,[ 20277.  20096.  29251. ...  96106. 197185. 232093.]
58,il_util,"[  59.   93.   87.  101.   58.   nan   78.   79.   70.  110.   52.   77.
   80.  115.  133.   75.   96.   42.   84.   41.   74.   51.   94.   83.
   61.   68.   72.   76.   44.   67.   92.   15.   64.   95.   53.   66.
   17.  109.   63.   25.   39.   71.   73.   85.   48.   82.   54.   30.
   89.   62.   36.   40.   90.   45.   99.   91.   65.   69.   33.   50.
   12.  100.   38.   88.    9.   24.    0.   86.  103.   49.   98.   47.
   81.   32.  108.   97.   35.  102.   60.   56.   22.  113.   28.   29.
  136.   57.  116.   34.   37.  107.   55.    8.  104.   46.   23.  119.
    2.  163.  105.  125.   31.   43.  112.   21.  140.  129.   10.  137.
  122.   16.   27.  147.   14.  106.    3.    5.  146.  128.  126.  135.
   20.    6.  121.    1.   19.   11.  114.  134.   26.  139.    7.  120.
   13.  124.  118.  117.   18.  111.  145.  123.  131.  132.    4.  288.
  151.  148.  153.  127.  144.  149.  162.  182.  183.  130.  196.  230.
  210.  141.  150.  143.  142.  208.  156.  161.  138.  167.  179.  155.
  170.  164.  558.  175.  232.  193.  157.  215.  171.  197.  152.  158.
  376.  160.  172.  268.  200.  169.  181.  166.  174.  176.  173.  180.
  369.  194.  159.  191.  154.  241.  184.  189.  177.  192.  168.  263.
  265.  165.  321.  242.  293.  190.  206.  201.  178.  219.  205.  186.
  209.  199.  277.  274.  316.  187.  214.  417.  229.  291.  221.  185.
  188.  225.  283.  202.  261.  195.  220. 1000.  273.  303.  251.  309.
  262.  218.  259.  227.  198.  260.  203.  217.  264.  250.  213.  207.
  275.  204.  234.  228.  246.  233.  223.  222.  317.  351.  231.  282.
  320.  290.  464.  323.  244.  311.]"
59,open_rv_12m,"[ 0.  3.  1.  4.  2.  6.  5.  8.  9.  7. 12. 10. 13. 11. 14. 16. 24. 15.
 18. 17. nan 26. 22. 20. 19. 21. 28. 27. 25. 23.]"
60,open_rv_24m,"[ 2.  6.  0.  3.  8.  7.  5.  1.  4. 10. 15. 14. 12. 13. 11.  9. 17. 21.
 23. 16. 18. 20. 25. 28. 19. 24. 30. 22. 27. 26. 32. 29. 34. nan 43. 31.
 33. 37. 45. 40. 39. 35. 50. 38. 42. 60. 53. 44. 36. 54.]"
61,max_bal_bc,[ 5295.  1568.  1322. ... 25827. 37187. 25411.]
62,all_util,"[ 57.  91.  77.  69.  33.   6.  30.  34.  70.  50.  68.  35.  23. 100.
  60.  28.  45.   7.  49.  15.  64.  73.  21.  42.   0.  31.  53.  82.
  54.  39.  61.  75.  32.  74.  52.   3.  62.  72.  66.   8.  71.  43.
  55.  79.  44.  40.  67.   4.  51.  41.  37.  20.  58.  80.  56.  47.
  63.  18.  81.   1.  86.  10.  78.  89.  59.  36.  38.  19.  76.  65.
  93.   2.  99.  25.  96.  48.  87.  29.  84.  46.  97.  17.  90.  14.
  85. 103.  83.   5.  11.  94. 105.  24.  22.  95.   9.  88.  27.  12.
 109.  13.  92.  16. 108. 101.  98.  26. 107. 106. 119. 120. 115. 126.
 110.  nan 111. 104. 102. 127. 124. 112. 121. 117. 128. 113. 122. 146.
 114. 137. 118. 184. 170. 123. 134. 132. 138. 161. 116. 125. 139. 153.
 130. 131. 135. 140. 129. 156. 133. 162. 141. 168. 136. 144. 152. 145.
 188. 150. 165. 142. 147. 148. 160. 196. 154. 181. 151. 155. 143. 175.
 177. 149. 167. 157. 158. 169. 172. 198. 171. 173. 186. 211. 185. 182.
 159. 197.]"
63,total_rev_hi_lim,[ 19700.   3800.   8000. ... 577700.  19140.  94240.]
64,inq_fi,"[ 3.  0.  2.  1.  4.  5.  7.  6. 15.  9.  8. 10. 19. 11. 12. 13. 14. 17.
 18. 28. nan 25. 16. 24. 22. 23. 29. 21. 20. 38. 32. 27. 48.]"
65,total_cu_tl,"[ 1. 11.  3.  4.  0.  2.  6.  8.  5.  7.  9. 10. 15. 12. 13. 18. 16. 19.
 14. 24. 22. 17. 20. 21. 25. 34. 28. 27. 26. 29. 23. 42. nan 31. 30. 32.
 37. 45. 33. 41. 35. 38. 43. 40. 39. 48. 56. 36. 49. 44. 68. 52. 46. 77.
 60. 47. 79. 54. 51. 55. 71. 65.]"
66,inq_last_12m,"[ 3.  2.  5.  1.  0.  6.  4.  7.  8.  9. 16. 10. 21. 20. 12. 11. 26. 17.
 14. 13. 15. 18. 27. 40. 24. 19. 28. 23. 29. 22. 25. 31. 30. nan 33. 34.
 51. 35. 41. 32. 38. 36. 67. 39. 45. 46. 49. 42. 37.]"
67,acc_open_past_24mths,"[ 5.  7. 10.  4.  6.  0.  9.  2.  1. 12.  8.  3. 11. 16. 21. 13. 15. 17.
 19. 14. 23. 20. 24. 29. 18. 22. 26. 34. 25. 28. 27. 32. 56. 30. 37. 38.
 31. 50. 64. 33. 42. 36. 45. 43. 41. 39. 40. 35. 44. 54. 48. 61. 49. 47.
 55. 46. 53.]"
68,avg_cur_bal,[ 43118.   5822.   2672. ... 276846.  65237.  88481.]
69,bc_open_to_buy,[  2323.    232.   4605. ... 118416.  74186.  68766.]
70,bc_util,[ 80.6  87.1  35.1 ... 154.9 134.3 130.9]
71,chargeoff_within_12_mths,[ 0.  1.  2.  4.  3.  6.  5.  7.  9. 10.  8.]
72,delinq_amnt,[   0. 1909. 9349. ... 2578. 8750. 3205.]
73,mo_sin_old_il_acct,"[ 91. 120. 128. 161.  66. 111. 109. 132.  26. 163.  85. 133. 110. 130.
  72.  44. 205.  34.  79.  nan 154.  97.  90. 157. 119.  73. 145. 140.
 123.  68. 153. 148. 139.  67. 155. 164. 122. 131. 183. 103.  81. 395.
 167. 136.  96. 150.  41.  50. 142. 143. 108. 147. 144.  88. 181.  61.
  53. 101.  22. 158. 166.  31.  92.  37.  64.  40. 121. 159. 100.  39.
 192.  94. 137.  47. 265.  12. 141.  57. 269. 105.  84. 129. 196.  17.
 125. 152. 146.  60.  95.  45.  62. 126.  35. 113.  10. 135. 217. 209.
  55.  18. 149. 134. 106.  54. 173. 138. 219. 244.  46. 225.  56. 115.
  27.  63. 118.  74.   6.  23. 180. 253. 172. 156.  93.  48.   2.  13.
  75.  89.  78. 203.  11. 266.  25. 239. 261.  33. 127.  21.  16.  32.
 175. 211. 178.  82. 107.  49.  87. 186. 112.   4.  24. 151. 116.  29.
 160.  71.  28.  83.  58.  15.  52.  80. 222. 170.   8. 246. 188.  42.
   5. 104.  30.  99. 272. 199.  43.  98.  70. 190. 242. 191.  59.  36.
 251.  69.   9. 227. 117. 187. 162. 236.  65. 102. 194. 174. 114.   3.
  20. 315. 218. 221. 198. 185. 165. 171. 270. 124.  14.  77. 224. 231.
 176. 283. 195. 260. 189.  86. 248. 182. 177.  51. 169. 213. 254. 212.
 277. 193. 234.  38.   7. 264. 168. 200. 238. 229. 235. 259. 275. 324.
  76. 245. 179. 237. 267. 226. 306.  19. 232. 247. 329. 210. 258. 295.
 293. 314. 336. 207. 214. 197. 184. 262. 310. 201. 233. 326. 208. 274.
 356. 241. 312. 285. 215. 220. 291. 243. 304. 240. 280. 358. 249. 257.
 256. 206. 230. 202.   1. 223. 216. 354. 334. 228. 284. 252. 289. 339.
 204. 337. 387. 263. 373. 255. 292. 357. 321. 359. 287. 332. 303. 286.
 398. 308. 346. 311. 478. 374. 371. 288. 271. 309. 299. 273. 307. 348.
 276. 298. 297. 250. 316. 327. 325. 268. 333. 341. 281. 430. 349. 344.
 296. 278. 302. 323. 376. 362. 319. 340. 393. 330. 343. 317. 320. 328.
 342. 392. 384. 442. 377. 375. 279. 301. 459. 407. 290. 372. 282. 400.
 411. 406. 355. 368. 300. 367. 382. 379. 409. 353. 331. 457. 408. 318.
 294. 369. 338. 517. 305. 370. 335. 313. 364. 366. 386. 397. 394. 350.
 381. 404. 465. 388. 511. 365. 464. 383. 436. 439. 322. 391. 380. 347.
 462. 413. 463. 419. 352.   0. 385. 390. 720. 424. 425. 471. 469. 483.
 448. 363. 361. 345. 399. 401. 477. 378. 432. 351. 518. 426. 452. 434.
 687. 360. 446. 396. 410. 490. 417. 414. 416. 420. 415. 431. 422. 505.
 429. 441. 827. 496. 412. 498. 421. 423. 558. 493. 433. 497. 466. 402.
 450. 621. 475. 445. 444. 503. 438. 563. 453. 470. 467. 555. 456. 428.
 389. 504. 437. 473. 547. 481. 451. 575. 848. 403. 516. 583. 455. 527.
 486. 405. 521. 822. 435. 513. 418. 530. 449. 447. 440. 476. 542. 479.
 491. 543. 533. 460. 507. 565. 557. 458. 485. 537. 522. 487. 488. 484.
 472. 512. 561. 501. 663. 482. 615. 480. 499. 532. 534. 506. 494. 443.
 515. 514. 651. 492. 427. 724. 549. 654. 474. 500. 461. 686. 665. 562.
 677. 540. 541. 999. 552. 523. 808. 647. 553. 454. 468.]"
74,mo_sin_old_rev_tl_op,"[ 71.  89. 149.  99.  68. 182. 164.  46.  74. 301. 215. 112. 213. 346.
  55. 278. 225. 337.  80. 150.  37. 104. 125. 157.  73.  59. 192. 167.
 365. 143. 117.  67. 120. 231. 311. 271. 102. 139. 202. 137. 500. 107.
  62. 170. 349. 453.  98. 138. 484.  85. 133. 216. 148.  57. 147. 135.
 494. 296. 195. 141.  60. 262.  84. 176.  70.  93. 166. 114. 204.  92.
 221.  72. 224.  24. 264. 160. 434. 206. 254.  58.  82. 127. 115. 259.
 238. 387.  63. 156. 244.  26. 183. 154.  97.  34. 416. 218. 237. 152.
 385. 146.  56. 258. 151. 140. 546. 111. 198. 132. 130. 122. 439.  11.
  13. 230.  78.  42. 110. 357. 174. 180. 588. 129.  43. 189. 287. 342.
 172. 263. 158. 220. 369. 251. 126. 290.  88. 223. 211. 165. 294. 219.
 227. 267. 307. 395. 134.  41. 188. 323. 121. 207. 197. 381. 379. 142.
 265.  38.  49. 241. 252. 317. 103. 101. 308. 144. 162. 232. 131. 279.
 284.  91.  76. 116. 173. 436. 260. 321. 136. 417.  79. 274.  40.  81.
  18.  47. 250.  66.  69. 191. 530. 222. 272. 179. 400. 113. 105. 178.
  33.  77.  36. 261.  90. 255. 528.  50. 123. 175. 388. 531. 161. 118.
  21. 203. 303. 297.  25.  86. 190. 168.  53. 320. 177.   7.  19. 236.
  95.  44.  39.  83. 163. 466. 186. 496. 171. 233. 159. 210. 322.  54.
  51. 256. 235. 316. 124. 205. 181. 234. 247. 399.  61. 226.  94. 145.
 209. 299.  35.  16.  87. 155. 184. 169. 185. 214.  28. 212.  22. 315.
  29. 193.  45.  20. 248. 196. 366. 404. 208. 586. 362. 194.  32. 228.
  52. 476.  15. 199. 240. 309. 286. 277. 100. 201. 270. 187. 343. 268.
 283. 281. 253. 292. 239. 487. 119. 153. 288.  30. 370. 429. 522. 293.
  96.  48. 471. 479. 249. 295. 356. 523. 367. 217. 396. 298. 245. 106.
 282. 243.  64. 109. 449. 128. 229. 350. 419. 359. 371. 401.  65. 108.
 305. 275. 378. 428. 280.  27. 319. 352. 300. 440. 384. 368. 327. 348.
 318. 372. 338. 312. 433. 341. 242.  17.   4.  75. 361. 344. 324. 408.
 331. 451. 392. 354. 285. 358. 313. 549. 328.  31. 276.  23. 411. 393.
 339. 336. 329. 200. 333.  12. 266. 597. 347. 269. 442. 246. 310. 363.
 480. 332. 412. 432. 304. 291. 407. 580. 420. 647. 380. 340. 390. 257.
 415. 521. 507. 273. 490. 462. 550. 345. 413. 555. 353. 477. 446. 505.
 376. 511. 410. 335. 509. 389. 430. 506. 481. 465. 403. 360. 473. 391.
 414. 334. 402. 599. 574. 542. 517. 518. 452. 377.   9.  10. 330. 351.
 302. 431. 804. 386. 640. 355. 545. 600. 463. 447. 512. 559. 529. 665.
 425. 426. 435. 325.  14. 443. 520. 469. 314. 364. 406. 533. 306. 441.
 644. 326. 373. 418. 470. 394. 632. 524. 461. 464. 383. 486. 474. 437.
 289. 556. 467. 375. 538. 445. 438. 503. 638. 382. 610. 620. 454. 554.
 398. 499. 489. 596. 459. 421. 450. 374. 557. 519. 409. 602. 598. 444.
 427. 424. 551. 448. 514. 502. 537. 628. 575. 534. 642. 468. 492. 397.
 478. 455. 488. 423. 460. 458. 457. 565. 553. 569. 589. 508. 609. 527.
 501. 515. 456. 563. 643. 526. 560. 422. 493. 591. 605. 405. 475. 564.
 587. 543. 485. 584. 783. 525. 504. 472. 633. 536. 572. 623. 516. 645.
   8. 578. 482. 583. 541. 635. 734. 497. 561. 567. 631. 513. 540. 483.
 573. 686. 539. 627. 495. 535. 603. 498. 570. 601. 581. 582. 576. 616.
 624. 585. 648. 491. 612. 652. 607. 626. 532. 655. 671. 622. 706. 594.
 547. 595. 614. 548. 606. 592. 630. 657. 608. 693. 621. 562. 615.   6.
 566. 568. 629. 613. 695. 558. 669. 679. 617. 571. 510. 639. 690. 714.
 552. 618. 577. 593. 611. 590. 663. 544. 650. 662. 658. 641. 672. 636.
 637. 768. 604. 654.   5. 579. 649. 723. 653. 708. 659. 661. 682. 670.
 634. 691. 668. 779.   3. 821. 625. 651. 656. 754. 680. 685. 619. 718.
 646. 694. 826. 681. 705. 673. 664. 812. 683. 675. 692. 740. 752. 704.
 824. 715. 736. 667. 678.   2. 762. 721. 750. 702. 707. 696. 703. 761.
 720. 713. 676. 717. 756. 700. 699. 724. 666. 747. 677. 806. 710. 674.
 741. 817. 660. 697.   1. 698. 901. 728. 836. 745. 766. 687. 731. 758.
 722. 852. 688. 789. 791. 719. 726. 786. 701. 760. 711. 775. 732. 851.
 781. 689. 684. 727. 778. 729. 774. 738. 808. 716. 730. 744. 818. 764.
 780. 759. 793. 803. 770. 737. 725.]"
75,mo_sin_rcnt_rev_tl_op,"[ 19.  17.   1.  28.   2.  32.  18.   9.  27.  29.  36.  26.  51.  10.
   3.  14.  12.  11.  24.  45.   6.  97.  50.  13.  42.  83.   8.   7.
   5.  21.  57.   0.   4. 153.  55. 107.  46.  39.  23.  33.  30.  35.
  84.  25.  15.  95.  37.  31.  56.  20.  89.  41.  62.  38.  16.  59.
  61.  78. 115. 216.  34.  52. 138.  53.  68.  54.  22.  48. 164. 141.
  79.  47. 146.  64.  86.  49. 140.  43. 116. 101.  44.  40. 117.  66.
  87. 104.  77.  71.  63. 102. 190. 135.  70. 315.  58.  76. 162. 105.
  82.  88.  67. 125.  75. 103. 114.  80. 167.  92. 131. 126.  94. 134.
 152. 145. 132. 137. 187.  85. 123. 108. 174.  69.  65. 119. 129.  73.
 112. 170.  60.  96. 106. 111.  81. 109. 264.  90. 100.  99.  93.  91.
  74. 121. 122. 130.  72. 113. 128. 157.  98. 151. 149. 110. 147. 196.
 133. 124. 171. 289. 143. 210. 142. 239. 118. 223. 169. 258. 180. 233.
 195. 176. 159. 173. 139. 197. 136. 254. 178. 120. 160. 127. 165. 179.
 155. 148. 230. 156. 292. 150. 144. 163. 154. 205. 297. 372. 182. 225.
 175. 161. 183. 217. 166. 206. 340. 235. 191. 349. 220. 181. 222. 186.
 158. 311. 242. 221. 229. 185. 212. 214. 353. 338. 328. 300. 200. 168.
 202. 172. 275. 255. 278. 177. 203. 192. 251. 226. 184. 245. 313. 271.
 241. 262. 306. 299. 252. 193. 298. 199. 266. 194. 304. 234. 244. 285.
 209. 213. 207. 189. 219. 296. 188. 208. 201. 302. 406. 227. 309. 259.
 276. 270. 273. 236. 346. 352. 404. 215. 277. 249. 368. 283. 323. 198.
 334. 224. 240. 260. 267. 274. 268. 290. 438. 327. 248. 253. 231. 280.
 228. 256. 287. 373. 247. 204. 279. 272. 263. 269. 238. 324. 211. 293.
 294. 257. 365. 237. 295. 232. 265. 281. 345. 318. 243. 330. 218. 396.
 250. 319. 393. 547.]"
76,mo_sin_rcnt_tl,"[  6.   1.   2.  32.  18.   9.  15.  21.   7.   5.  10.   3.  14.  12.
  45.  30.  16.  13.   8.  54.   0.   4.  71.  39.  11.  19.  24.  37.
  25.  26.  20.  23.  27.  41.  17.  33.  61.  63.  34. 138.  31.  62.
  38.  22. 164. 141.  79.  40.  28. 104.  29.  77.  35.  48.  52. 145.
 115.  36.  57. 166.  58.  46.  92.  55.  47.  59. 117.  42.  68.  95.
  64.  88. 149.  67.  51. 101. 170.  56.  60.  43.  49.  87. 103.  65.
  90.  86.  50. 123.  81.  66.  91.  73.  69.  53.  97.  44. 116.  99.
  83.  72.  70.  74.  80.  85. 133.  76. 171. 289. 143.  75. 100.  82.
 108.  96. 122. 233. 159. 126.  93.  84. 121. 111. 197. 124. 106. 118.
  89. 157.  78. 147. 162. 112. 105. 134.  94. 154. 113. 110. 128. 183.
 114. 102. 125. 136. 148. 169. 186. 216. 127. 119. 131. 353. 156. 109.
 137. 120. 142. 160. 135. 132. 139. 150. 146. 144. 129. 175. 130.  98.
 271. 140. 163. 252. 196. 178. 158. 199. 167. 194. 213. 200. 187. 172.
 219. 209. 153. 173. 212. 151. 309. 189. 259. 285. 161. 107. 192. 201.
 221. 185. 251. 152. 368. 245. 268. 210. 176. 155. 168. 255. 283. 177.
 180. 263. 181. 184. 236. 211. 165. 248. 206. 257. 195. 226. 174. 182.
 253.]"
77,mort_acc,"[ 3.  0.  4.  2.  1.  6.  7.  5. 10.  9.  8. 11. 14. 12. 29. 15. 13. 16.
 21. 19. 22. 17. 18. 23. 20. 32. 87. 24. 31. 25. 46. 30. 45. 26. 28. 51.
 61. 35. 27. 47. 34. 41. 94. 37.]"
78,mths_since_recent_bc,"[ 19.  17.   7.  nan  53. 182.  18.   9.  33.  29. 126.   2.  26.  51.
  15.   3.  14.  12.  11.  41.  45.   1.   6. 148.  50.  28.  10.  42.
 117.  43.   8. 191.  34.   0.  13.  20. 356.  55. 132.  21.  46.   4.
  25.  39.  23.  35.  27.  56.  32. 125. 169.  95. 144. 279.  71.  24.
  69.  37.  22.   5.  89.  48.  36.  80.  85.  62.  31.  59.  78.  30.
  77.  47. 128. 113.  16. 216.  87.  58. 119.  73. 122. 109. 141.  52.
  83.  64.  38. 140. 270.  57. 123. 108. 231.  81.  68. 164.  54.  79.
 177.  98.  70.  86.  90. 221.  49.  44. 152.  91. 131. 116. 162. 101.
 134.  40.  92. 161. 104. 184.  65.  88. 145. 476. 228.  61.  74.  63.
  60. 165. 183. 130. 112. 203. 190. 115. 188.  76.  84.  72.  67. 316.
  82. 124. 200. 205. 105. 155. 127. 332.  75.  66. 139. 110. 121. 129.
  93. 149. 210. 103. 143. 211. 366. 114. 107. 193. 136. 137. 233. 222.
  94. 204. 207. 199. 151. 176.  97. 157. 159. 530. 118. 163. 198. 166.
 309. 158. 133. 335. 258. 313. 273.  99. 154. 186. 357. 174. 173. 111.
 106. 153. 102. 142.  96. 147. 120. 213. 150. 272. 146. 330. 171. 135.
 215. 261. 314. 172. 242. 100. 170. 206. 160. 185. 248. 435. 138. 254.
 214. 546. 175. 349. 202. 217. 201. 229. 187. 243. 168. 340. 305. 342.
 239. 260. 224. 328. 269. 256. 289. 226. 178. 307. 195. 181. 363. 298.
 223. 197. 156. 179. 247. 196. 225. 218. 280. 281. 317. 250. 189. 408.
 194. 230. 253. 392. 219. 277. 294. 167. 192. 320. 220. 498. 252. 237.
 241. 246. 245. 337. 212. 227. 208. 262. 367. 232. 296. 251. 454. 240.
 387. 180. 299. 236. 339. 301. 288. 268. 234. 238. 209. 278. 271. 315.
 284. 334. 304. 538. 275. 323. 350. 326. 267. 235. 381. 389. 312. 292.
 449. 287. 285. 265. 345. 255. 377. 521. 303. 300. 291. 311. 527. 293.
 259. 297. 372. 276. 385. 257. 244. 352. 333. 263. 283. 355. 406. 464.
 388. 599. 412. 327. 295. 423. 329. 597. 470. 353. 331. 322. 324. 422.
 425. 364. 358. 346. 318. 286. 338. 428. 321. 351. 401. 386. 376. 404.
 390. 432. 325. 249. 308. 361. 380. 274. 266. 403. 552. 359. 264. 486.
 310. 640. 336. 384. 341. 517. 365. 368. 369. 446. 375. 371. 531. 306.
 319. 391. 504. 347. 496. 343. 290. 379. 455. 612. 494. 413. 438. 416.
 467. 370. 282. 405. 430. 344. 302. 513. 610. 468. 539. 532. 400. 399.
 456. 348. 411. 458. 362. 407. 503. 586. 429. 420. 393. 497. 426. 472.
 421. 477. 529. 484. 611. 525. 417. 514. 587. 374. 418. 402. 410. 661.
 534. 444. 397. 479. 414. 360. 394. 450. 373. 424. 478. 378. 431. 463.
 354. 512. 457. 639. 382. 506. 462. 537. 451. 396. 398. 445. 570. 524.
 419. 485. 483. 482. 473. 466. 604. 555. 459. 518. 615. 507. 415. 475.
 447. 488. 383. 441. 461. 493. 439. 434. 551. 594. 453. 553. 499. 474.
 502. 554. 510. 533. 427. 440. 500. 480. 491. 442. 487. 520. 409. 481.
 656. 547.]"
79,mths_since_recent_bc_dlq,"[ nan  60.  64.   4.  20.  46.  33.   9.  31.  25.  81.   3.  36.  28.
  10.  75. 122.  58.  65.  37.  18.  17.  30.  40.  11.  55.   8.  16.
  34.  23.  62.  51.  35.  44.  53.  41.  27.  54.  49.  56.  67.  19.
  38.  47.   6.  39.  42.  61.  29.   5.  26.  76.  24.  79.  32.  43.
  22.  52.  21.  63.  66.  68.  57.  48.  74.  77.  45.  70.  69.  72.
 106.  15.  80.  71.  59.  92.  73.  50.  14.  13.  12.  93.   7.   2.
  78. 103. 100.   0.  82.  98.  89.  97.  88.  86.   1. 110.  84. 144.
  91.  96. 119.  87. 101. 130. 109.  90.  85.  94.  83. 112. 158. 105.
 156.  99. 150. 137. 107. 111. 125. 116. 115. 149. 170. 128.  95. 108.
 126. 102. 134. 117. 104. 145. 135. 118. 113. 127. 114. 129. 124. 120.
 139. 131. 133. 132. 151. 136. 146. 152. 121. 123. 159. 183. 190. 148.
 138. 166. 141. 142. 165. 172. 194. 162. 174. 157. 160. 155. 140. 188.
 189. 153. 154. 186. 195. 176. 161.]"
80,mths_since_recent_inq,"[ 5.  3.  0.  2.  1.  6. 15. 12. nan 19. 13. 10.  7. 14. 22.  8. 17.  9.
 20. 23. 16. 21.  4. 18. 11. 24. 25.]"
81,mths_since_recent_revol_delinq,"[ nan  60.  62.  73.   4.  31.  20.  46.  54.  33.   9.  25.  81.   3.
  36.  28.  34.  75.  39. 122.  37.  58.   8.  65.  43.  18.  17.  30.
  80.  11.  71.  38.  10.  16.  23.  26.   5.  45.  40.  35.  51.  64.
  77.  44.  53.  15.  42.  41.  27.  49.  50.  19.   6.  56.  61.  29.
  90.  67.  76.  47.  24.  79.  12.  22.  55.  52.   2.  63.  13.  32.
   7.  66.  57.  48.  74.  69.  14.  68. 106.  59.  78.  21.  92.  72.
  70. 103. 100.  82.  89.  97.   0.  86.  88.   1.  93. 112.  85.  91.
  98.  96.  87. 119.  84. 130. 109.  83.  95.  94. 133. 158.  99. 156.
 104. 150. 120. 107. 111. 125. 116. 101. 170. 108. 102. 113. 105. 135.
 134. 129. 115. 114. 110. 117. 127. 153. 128. 118. 124. 139. 131. 121.
 132. 146. 142. 151. 136. 149. 123. 141. 160. 152. 126. 145. 167. 161.
 154. 138. 159. 147. 183. 190. 166. 148. 140. 144. 162. 165. 174. 197.
 188. 157. 171. 176. 137. 177. 178. 155.]"
82,num_accts_ever_120_pd,"[ 0.  2.  1.  7.  5.  8.  4.  3.  6.  9. 14. 12. 10. 17. 11. 16. 13. 33.
 15. 22. 25. 23. 18. 20. 27. 21. 19. 30. 34. 24. 29. 31. 28. 58. 37. 26.
 36. 35. 32. 38. 51. 39. 45. 42.]"
83,num_actv_bc_tl,"[ 2.  1.  6.  0.  3.  8.  4.  5. 10.  7. 11.  9. 12. 14. 16. 21. 13. 18.
 15. 20. 17. 19. 23. 22. 26. 24. 25. 27. 30. 48. 28. 45. 29. 50. 32. 46.
 47. 35. 36. 33.]"
84,num_actv_rev_tl,"[ 3.  2.  7.  6.  1.  9. 16.  4.  5.  8.  0. 18. 14. 11. 13. 10. 15. 12.
 20. 17. 22. 23. 25. 24. 28. 21. 19. 34. 30. 27. 33. 26. 32. 29. 31. 44.
 38. 39. 42. 37. 36. 35. 43. 59. 54. 47. 41. 72. 45. 46. 57. 51. 40. 52.
 60.]"
85,num_bc_sats,"[ 2.  1.  7.  0.  3. 14.  6.  8.  4. 13.  5.  9. 29. 11. 17. 10. 12. 15.
 16. 20. 23. 18. 19. 21. 28. 22. 25. 26. 27. 36. 44. 37. 24. 30. 33. 40.
 34. 35. 32. 31. 42. 39. 47. 64. 55. 38. 43. 69. 46. 59. 48. 45. 54. 61.
 49. 41. 71. 50.]"
86,num_bc_tl,"[ 2.  3.  8.  6. 17.  1.  4.  9. 11. 13.  5. 14. 20. 10. 30. 15. 12. 19.
  7. 23.  0. 16. 18. 21. 24. 34. 22. 38. 28. 32. 29. 25. 26. 40. 27. 31.
 36. 44. 33. 43. 37. 39. 35. 57. 42. 41. 47. 49. 45. 48. 54. 46. 52. 58.
 55. 69. 51. 85. 50. 65. 82. 66. 59. 86. 60. 67. 53. 70. 68. 79. 56. 61.
 77. 63. 76.]"
87,num_il_tl,"[ 10.  20.   5.   1.   3.   4.  16.  12.   6.   8.   2.   7.   0.  34.
  14.  15.  13.  11.   9.  24.  21.  19.  26.  35.  28.  22.  27.  25.
  17.  18.  41.  23.  32.  33.  39.  31.  36.  29.  45.  44.  30.  37.
  57.  60.  38.  54.  42.  51.  47.  40.  46.  49.  55.  52.  43.  76.
  53.  50.  67.  56.  48.  62.  66.  59. 128.  63.  74.  64.  85.  93.
  81.  61.  68.  77.  96.  65.  73.  89.  58.  80.  69. 100.  86.  72.
  79.  78.  71.  70.  82.  75.  99. 101. 130.  84.  88. 107.  83. 116.
  91. 105.  98. 109.  90.  87. 102.  94.  97. 113. 104. 132. 131.  95.
 150. 103. 127. 138.]"
88,num_op_rev_tl,"[ 3.  2.  9.  7.  1. 17.  4. 13.  5. 23.  6. 16. 12. 15. 18. 11. 14. 10.
  8. 21. 28. 20. 24. 19. 22. 25. 26. 32. 29. 30. 27.  0. 35. 34. 31. 33.
 40. 41. 39. 36. 59. 55. 49. 38. 46. 47. 43. 72. 45. 42. 66. 37. 48. 56.
 44. 54. 53. 65. 62. 63. 50. 58. 60. 67. 69. 52. 73. 51. 57. 81. 91. 64.
 70. 68. 61. 79. 76. 77. 71. 86.]"
89,num_rev_accts,"[  6.   4.  13.   9.  21.   5.  19.  12.  30.  18.   8.   7.  20.  25.
  33.  15.  14.   3.  11.  29.   2.  10.  61.  17.  24.  16.  32.  23.
  28.  27.  34.  40.  26.  53.  22.  52.  38.  36.  31.  39.  37.  41.
  42.  50.  35.  44.  43.  46.  45.  49.  48.  54.  67.  47.  56.  64.
  62.  57.  51.  81.  74.  92.  70.  77.  55.  58.  68.  60.  63.  65.
  69.  59. 101.  79.  72.  84.  66.  71.  88.  86.  75.  80. 119. 100.
 127.  90.  83.  99.  76.  95. 112.  93. 105.  73.  82.  78. 110.  96.
 116.  91.  94. 151.  87. 104. 103.  89. 108. 118.  nan 102.  98. 143.
  85. 107. 113.]"
90,num_rev_tl_bal_gt_0,"[ 3.  2.  7.  6.  1.  9. 16.  4.  5.  8.  0. 14. 11. 13. 10. 15. 12. 18.
 20. 22. 17. 21. 25. 24. 27. 19. 23. 30. 28. 26. 44. 31. 29. 39. 32. 43.
 35. 38. 36. 33. 34. 37. 55. 41. 42. 59. 65. 45. 47. 40.]"
91,num_sats,"[  7.   4.  12.   5.  10.   1.  18.  26.   8.  16.  13.  19.   3.   6.
  11.  15.   9.  14.  17.  25.   2.  27.  21.  30.  31.  20.  22.  24.
  34.  29.  23.  38.  28.  35.  32.  33.  41.   0.  40.  39.  36.  42.
  37.  44.  47.  60.  57.  46.  45.  43.  50.  51.  48.  49.  52.  74.
  54.  67.  53.  56.  59.  55.  68.  75.  66.  61.  63.  64.  62.  69.
  94.  70.  58.  78.  82. 101.  65.  72.  80.  85.  77.  81.  71.  97.
  79.  76.  93.  91.  84.]"
92,num_tl_120dpd_2m,[ 0. nan  1.  2.  3.  4.  7.]
93,num_tl_30dpd,[0. 1. 2. 3. 4.]
94,num_tl_90g_dpd_24m,"[ 0.  1.  2.  3.  4.  9.  7.  5. 10.  6. 14.  8. 13. 12. 16. 17. 11. 15.
 18. 21. 19. 20. 23. 58. 35. 22. 29. 30. 26. 39. 42. 25. 24.]"
95,num_tl_op_past_12m,"[ 2.  3.  5.  1.  0.  4.  6.  9.  7.  8. 11. 15. 10. 16. 13. 12. 14. 20.
 17. 24. 18. 25. 19. 23. 29. 30. 22. 21. 26. 27. 31. 28.]"
96,pct_tl_nvr_dlq,"[100.   91.7  77.8  86.4  96.4  95.7  94.1  92.3  92.9  83.3  80.   76.9
  71.4  97.   97.1  96.2  81.8  85.7  93.3  95.5  96.9  75.   97.5  66.7
  74.4  87.5  83.   90.9  75.9  68.   88.9  63.6  95.   96.   86.2  91.8
  95.2  95.6  86.   98.   87.2  81.5  81.   81.3  85.   96.7  80.6  97.2
  94.5  92.   93.8  56.   94.4  88.2  94.   95.1  90.   87.   97.9  67.6
  69.2  78.6  71.   90.5  87.9  85.9  73.1  94.7  90.6  54.2  44.4  95.8
  82.8  78.9  96.6  93.1  97.6  93.9  82.1  88.5  94.2  57.9  86.7  70.8
  84.4  84.2  98.6  77.3  82.4  88.   88.1  67.4  88.4  97.7  95.3  92.6
  96.3  91.2  96.1  89.7  97.4  82.5  98.1  84.6  60.   89.5  93.5  94.3
  95.9  91.   76.2  57.1  84.9  87.1  70.   97.8  96.8  62.5  94.6  82.
  65.   73.   83.9  96.5  50.   73.9  80.4  58.3  84.   72.2  98.4  64.3
  84.8  55.   74.1  76.5  85.2  89.3  91.3  82.6  89.   86.8  68.8  97.3
  61.5  88.6  93.   54.5  81.6  91.4  69.7  98.2  78.   43.   86.5  90.7
  72.4  81.1  83.7  79.2  89.2  40.   36.4  68.4  77.   90.2  30.   70.6
  94.9  63.   78.8  92.1  69.6  79.4  89.4  73.7  78.4  59.   72.7  78.3
  76.   68.2  46.7  74.3  84.3  46.9  91.9  63.2  64.7  78.1  75.7  93.6
  92.7  98.3  90.3  86.1  98.5  70.3  51.9  79.3  21.7  83.8  94.8  59.5
  81.4  73.3  85.3  79.   58.8  74.2  75.8  84.1  41.7  72.   80.8  89.6
  87.8  62.1  87.3  54.8  53.8  77.4  77.1  61.1  59.3  89.1  93.7  33.3
  92.5  65.2  93.4  76.7  52.4  73.8  60.9  59.1  48.   63.3  53.3  61.9
  51.6  68.9  45.8  38.9  63.8  76.6  76.3  73.2  81.2  69.   77.6  31.2
  70.4  67.   52.6  82.9  93.2  68.7  65.6  67.9  85.4  45.5  30.8  56.2
  65.4  85.1  71.9  64.5  74.   38.5  60.7  74.5  86.3  91.1  55.6  73.5
  80.9  91.5  65.8  79.6  28.6  75.5  44.8  51.2  42.4  64.   47.8  70.7
  56.5  80.5  37.5  58.1  75.6  46.4  43.5  65.1  57.   79.1  42.9  70.5
  72.5  52.9  61.   46.2  41.2  25.   52.2  62.2  75.4  50.9  32.4  63.4
  32.   27.3  72.9  44.1  82.2  90.4  47.6  64.1  71.8  77.5  68.6  79.5
  58.   90.8  43.7  57.7  88.3  18.7  82.7  68.3  63.5  81.9  82.3  23.1
  84.7  48.7  80.3  63.9  66.   65.9  62.   99.3  39.1  98.8  71.1  62.7
  76.1  45.   67.7  87.7  35.7  99.   88.7  48.4  64.4  56.4  89.8  71.7
  45.9  98.7  60.6  18.2  85.5  36.   71.2  92.4  57.5  38.1  92.2  65.5
  45.7  65.7  26.3  35.   55.2  83.6  47.3  70.2  47.4  44.   68.5  47.1
  20.   80.7  67.3  47.   43.8  52.5  62.8  56.3  98.9  72.3  53.6  12.5
  91.6  76.8  73.6  54.   76.4  86.9  54.1  22.2  60.5  42.1  61.3  52.
  22.6  78.7  84.5  64.8  89.9  69.4  61.8  58.6  45.3  83.1  62.9  67.5
  40.7  72.1  59.2  59.4  46.8  95.4  53.   69.8  20.6  61.4  51.4  56.7
  53.7  92.8  56.6  60.4  79.7  41.4  77.2  68.1  48.1  47.5  55.8  62.3
  74.6  29.4  34.8  78.5  31.6  31.3  26.1  28.1  31.8  58.5  57.8  51.7
  10.5  25.6  38.2  17.5  66.1  42.3  28.   14.3   nan  17.   41.   51.
  46.   72.6  64.9  51.5  81.7  38.   78.2  54.9  64.6  86.6  34.6  55.7
  43.6  40.9  17.6  35.3  41.9  99.2  48.8  49.    0.   57.6  29.   69.1
  99.1   7.7  73.4  11.5  56.1  21.1  70.9  37.9  43.3  48.5  40.5  55.9
  38.7  39.3  37.1  53.1  36.7  30.4  48.6  52.3  18.8  26.7  47.7  31.
  85.6  54.3  55.3  26.8  34.4  67.2  15.2  48.3  36.8  23.5  83.5  41.3
  35.9  23.8  27.8  47.2  51.1  30.6  60.3  45.2  35.6  24.4  11.1  14.8
  37.2  39.5  90.1  25.9  16.7   8.3  57.4  55.1  29.2  39.   21.4  77.9
  22.7  48.9   7.1  56.8  75.3  36.6  61.2  34.   42.   16.3  59.6  58.7
  35.5  23.3  44.7  53.4  15.8  20.8  52.1  43.9  52.8  65.3  32.1  34.9
  31.4  27.   58.9  13.   17.1   9.1  22.4  88.8  53.5  64.2  34.3  34.5
  54.4  15.4  23.4  51.3  40.6  37.   87.4  42.5  39.4  11.8  27.6  24.
  31.9  43.2  40.4  21.2  15.   69.5  56.9  13.3  18.4  27.9  28.3  10.7
  13.2  33.   29.6  67.1  13.8  58.2  34.2  29.5  22.9  30.2  46.5  29.3
  48.2  12.   41.8  45.1  17.4  35.1  26.9  34.7  42.6  49.1  24.1  39.8
  31.7   6.7  26.5  30.3  61.7  27.5  37.3  29.7  25.7  44.2  28.2  60.8
  32.3  32.7  21.9  53.2  36.1   5.9  41.5  21.6  59.7  46.3  20.5   7.9
  22.   19.   20.7  25.4  66.2  43.4  69.9  18.5  80.2  18.   52.7  39.2
  99.4  50.8]"
97,percent_bc_gt_75,"[ 50.   100.    14.3     nan   0.    28.6   16.7   33.3   75.    23.1
  20.    25.    40.    66.7   22.2   83.3   18.2    9.1   60.    71.4
  80.    85.7   11.8   62.5   30.8   77.8   10.    12.5   55.6   88.9
  11.1   36.4   57.1   37.5   15.    81.8   58.3   13.3   42.9   44.4
   8.3   46.2    4.3   87.5   61.5   84.6   27.3   45.5   70.    15.4
  21.4   38.5    7.7   30.     7.1   73.3   53.8    5.3   36.8   41.7
   6.3    5.9   35.7   76.2   92.9   18.8    3.6   90.     4.5    5.
  46.7   26.7   63.6   15.8   91.7   69.2   54.5   72.7   57.9   31.2
  78.6   22.7   52.9   53.3   92.3   76.9   38.9   10.5   26.1   82.4
  90.9   42.1   88.2    6.7   18.7    5.6   23.8   43.7   13.6   64.3
  91.3   35.3    4.    93.7    4.8   14.8    6.2   93.3   30.4   17.6
  29.4   21.1   76.5   26.3   94.4   10.3    4.2    8.7   17.4   41.2
   3.8   78.9   38.1   43.8   94.1   59.1   93.8   31.6   58.8   56.5
  23.5   64.7   86.7   56.2   31.3   48.    47.1   95.8    9.5   47.4
  68.4   26.5   19.    13.    70.6   52.4   73.7    3.7   13.8   27.8
  17.9   56.3   55.    72.2    8.    68.8    0.67   1.     0.33   0.75
   0.5    0.29  68.7   52.6   28.    61.1   31.8    0.8    2.7   40.9
  39.1   16.    81.3    3.4   12.    11.5    9.4   35.    12.9   94.7
   3.2   32.1   52.2   68.     3.3   25.8   34.8   65.    45.    10.7
  18.5   19.2    2.8   27.6   43.5    2.6   63.2    3.1   24.    77.3
  21.7   84.2   63.     5.7    6.9   20.8    7.4   41.4   47.6   32.
  65.4   36.    29.2    2.9   25.9   57.7    2.1   22.6   47.8   61.9
  78.3   34.6   84.     1.9   81.    82.6   89.5   17.1    6.1    8.8
  20.7    7.5   36.7   81.2   90.5    3.     1.4   44.8   60.9   76.
  45.8    2.2   42.4   95.    85.    39.3   79.3   40.7   48.1   15.6
  37.    26.9   21.9   30.6   69.6   17.2   73.9   31.     0.4    0.25
   0.6    0.2    0.38   0.82   0.63   0.43  52.     0.14   0.86   0.17
   0.57   0.71  95.2 ]"
98,pub_rec_bankruptcies,[ 1.  0.  2.  3.  4.  6.  5.  8.  7. 11.  9. 12.]
99,tax_liens,"[ 0.  1.  2.  4.  3.  5.  7.  8.  6. 10. 18. 61. 19.  9. 11. 13. 16. 14.
 12. 39. 21. 52. 23. 22. 30. 46. 45. 15. 20. 37. 24. 25. 27. 17. 28. 29.
 48. 53. 34.]"
100,tot_hi_cred_lim,[327790.  25493.  41728. ... 393506. 586514. 344978.]
101,total_bal_ex_mort,[ 30771.  23289.  32060. ... 200815. 206653. 239081.]
102,total_bc_limit,[ 12000.   1800.   7100. ... 100850.  63640. 173950.]
103,total_il_high_credit_limit,[ 34590.  21693.  33584. ... 144681. 216485. 239074.]
